Patient Row,GVH Total,GVH Aab,GVH Aot,GVH Bab,GVH Bot,GVH Cab,GVH Cot,HVG Total,HVG Aab,HVG Aot,HVG Bab,HVG Bot,HVG Cab,HVG Cot
1,17,3,3,4,3,2,2,12,5,1,4,1,1,0
2,9,4,4,0,1,0,0,4,0,0,1,0,0,3
3,20,4,8,4,2,2,0,9,0,0,5,0,2,2
4,14,2,4,4,4,0,0,3,0,0,1,2,0,0
5,12,6,4,1,1,0,0,7,0,0,3,4,0,0
6,8,3,2,0,0,0,3,7,0,0,1,2,4,0
7,18,6,2,4,1,3,2,17,7,2,0,2,3,3
8,8,1,2,0,0,2,3,16,5,1,3,1,2,4
9,9,5,4,0,0,0,0,16,5,1,2,1,4,3
10,4,0,0,1,1,0,2,7,0,0,2,2,1,2
11,12,1,4,2,3,0,2,0,0,0,0,0,0,0
12,16,7,2,3,2,1,1,20,6,3,3,4,2,2
13,12,1,1,1,3,3,3,7,4,2,1,0,0,0
14,0,0,0,0,0,0,0,11,0,0,2,2,3,4
15,9,0,0,3,1,5,0,4,0,0,0,0,2,2
16,26,5,3,6,3,5,4,5,0,0,4,1,0,0
17,7,0,0,3,1,2,1,8,0,0,2,1,1,4
18,13,3,4,0,1,2,3,13,2,4,1,0,4,2
19,8,0,1,3,2,0,2,6,3,2,0,0,0,1
20,15,4,4,0,2,2,3,12,3,5,4,0,0,0
21,7,2,1,1,0,0,3,19,7,4,2,2,3,1
22,6,3,1,0,0,1,1,10,0,3,2,2,1,2
23,0,0,0,0,0,0,0,0,0,0,0,0,0,0
24,16,7,3,0,0,4,2,13,6,1,1,1,1,3
25,16,4,4,3,1,2,2,12,3,2,1,1,2,3
26,7,0,0,1,2,2,2,5,0,0,0,1,2,2
27,11,4,2,2,1,2,0,7,3,2,0,0,1,1
28,9,1,2,0,0,4,2,7,2,1,0,1,1,2
29,17,6,5,0,1,2,3,11,5,3,0,1,1,1
30,7,0,0,2,1,3,1,7,0,0,5,1,1,0
31,11,3,2,2,1,0,3,5,0,0,4,0,0,1
32,26,6,6,5,2,5,2,3,1,1,0,0,0,1
33,12,1,4,0,4,2,1,21,9,3,1,2,3,3
34,10,1,3,0,2,2,2,15,6,2,2,1,2,2
35,10,3,1,1,1,2,2,20,4,3,5,3,3,2
36,5,1,0,1,1,2,0,13,3,2,2,2,1,3
37,7,0,2,0,2,1,2,14,1,4,0,2,4,3
38,7,0,0,4,3,0,0,3,0,0,1,2,0,0
39,14,1,1,5,3,2,2,15,5,4,1,1,3,1
40,0,0,0,0,0,0,0,0,0,0,0,0,0,0
41,13,1,3,1,1,3,4,3,0,0,1,0,0,2
42,17,2,5,2,2,4,2,17,6,1,5,2,1,2
43,9,2,2,2,1,0,2,23,5,2,6,4,3,3
44,0,0,0,0,0,0,0,11,0,0,2,3,5,1
45,13,0,0,2,4,2,5,2,0,0,1,1,0,0
46,15,3,5,3,3,1,0,9,5,2,1,1,0,0
47,12,2,3,1,2,2,2,20,5,5,4,3,0,3
48,3,0,1,0,2,0,0,3,0,0,1,2,0,0
49,14,0,2,4,2,4,2,11,3,2,4,1,0,1
50,6,2,1,0,2,0,1,8,1,1,1,1,1,3
51,7,4,1,1,1,0,0,21,1,3,3,3,3,8
52,3,1,2,0,0,0,0,6,4,2,0,0,0,0
53,5,0,0,0,0,3,2,14,6,6,1,1,0,0
54,12,1,1,1,2,3,4,15,5,4,4,2,0,0
55,5,2,3,0,0,0,0,20,6,4,6,2,0,2
56,9,0,0,4,3,0,2,6,0,0,1,2,1,2
57,14,8,4,0,1,0,1,8,0,0,1,1,2,4
58,24,5,4,5,4,2,4,10,1,1,4,3,0,1
59,6,5,1,0,0,0,0,2,1,1,0,0,0,0
60,7,5,2,0,0,0,0,19,5,3,4,0,3,4
61,13,7,6,0,0,0,0,11,0,0,3,2,6,0
62,16,1,2,5,2,2,4,17,7,1,2,1,3,3
63,10,1,1,3,1,1,3,8,4,4,0,0,0,0
64,21,6,4,4,3,1,3,4,1,3,0,0,0,0
65,10,2,4,1,3,0,0,15,5,2,5,1,2,0
66,9,2,1,2,2,0,2,12,3,0,0,1,5,3
67,6,0,0,0,3,1,2,23,9,4,3,1,3,3
68,3,0,0,2,0,1,0,14,5,4,3,1,0,1
69,17,8,5,1,3,0,0,6,0,0,0,0,1,5
70,11,0,1,3,6,1,0,9,0,0,3,1,2,3
71,20,6,3,4,1,4,2,17,6,3,3,2,1,2
72,9,6,1,1,1,0,0,17,3,3,3,3,2,3
73,6,5,0,1,0,0,0,15,4,3,2,0,1,5
74,8,5,3,0,0,0,0,5,1,4,0,0,0,0
75,19,2,4,4,3,3,3,15,6,2,3,2,0,2
76,11,6,3,0,2,0,0,9,2,1,4,2,0,0
77,11,2,2,2,2,2,1,18,5,2,3,2,2,4
78,8,2,2,0,0,1,3,13,4,0,2,2,2,3
79,1,0,0,0,1,0,0,14,8,3,2,1,0,0
80,11,3,2,2,1,2,1,10,6,4,0,0,0,0
81,20,6,4,6,4,0,0,17,3,2,4,2,3,3
82,4,0,0,0,0,2,2,13,0,0,5,3,2,3
83,20,5,5,5,3,1,1,7,1,0,1,1,2,2
84,22,5,5,3,3,3,3,7,2,2,2,0,0,1
85,7,3,4,0,0,0,0,14,6,3,2,2,0,1
86,9,5,3,0,1,0,0,14,3,5,1,1,1,3
87,2,0,0,1,1,0,0,3,0,0,2,1,0,0
88,15,0,1,4,2,2,6,16,6,4,4,2,0,0
89,12,5,5,0,2,0,0,11,0,0,2,2,3,4
90,13,3,3,3,1,2,1,12,1,2,2,2,2,3
91,4,2,2,0,0,0,0,18,5,3,2,1,4,3
92,9,1,3,2,3,0,0,2,0,2,0,0,0,0
93,13,5,3,1,2,2,0,10,1,5,3,0,0,1
94,8,4,4,0,0,0,0,22,4,3,2,2,4,7
95,12,5,2,1,1,1,2,13,3,2,1,1,4,2
96,15,1,1,5,2,4,2,16,6,4,2,1,1,2
97,6,0,0,0,0,1,5,19,7,4,2,2,1,3
98,7,2,1,2,2,0,0,14,5,5,2,2,0,0
99,0,0,0,0,0,0,0,25,8,4,6,2,2,3
100,0,0,0,0,0,0,0,16,0,0,5,3,4,4
101,25,5,5,7,3,2,3,0,0,0,0,0,0,0
102,26,6,5,5,2,4,4,0,0,0,0,0,0,0
103,6,0,1,3,2,0,0,8,4,2,1,1,0,0
104,21,4,2,6,4,2,3,10,5,5,0,0,0,0
105,9,0,0,2,1,5,1,5,0,0,2,0,1,2
106,12,5,2,0,1,3,1,12,5,3,0,0,1,3
107,20,6,2,3,3,4,2,11,2,1,3,1,1,3
108,13,3,2,1,3,2,2,17,6,3,2,0,3,3
109,7,5,2,0,0,0,0,6,1,5,0,0,0,0
110,17,2,1,5,2,3,4,19,6,4,2,2,4,1
111,5,1,2,0,2,0,0,24,5,3,2,3,5,6
112,3,0,2,0,0,0,1,20,2,4,6,2,2,4
113,16,5,5,3,1,1,1,13,3,4,0,2,2,2
114,3,0,0,0,0,1,2,6,0,0,1,0,5,0
115,11,2,2,3,0,3,1,12,3,4,1,1,2,1
116,7,4,1,1,1,0,0,4,1,1,1,1,0,0
117,16,7,4,0,2,0,3,11,1,2,0,1,3,4
118,16,5,3,2,4,1,1,7,1,2,0,0,1,3
119,3,0,0,2,1,0,0,19,6,5,5,3,0,0
120,7,1,1,2,1,0,2,13,2,1,3,2,2,3
121,5,0,0,0,1,2,2,20,4,5,5,2,2,2
122,15,2,4,2,2,3,2,6,0,0,3,1,1,1
123,17,6,3,1,3,2,2,5,0,0,0,1,2,2
124,16,3,4,0,1,5,3,9,2,0,3,0,2,2
125,19,0,0,6,2,4,7,15,8,3,2,2,0,0
126,15,6,1,2,2,3,1,9,2,1,2,3,0,1
127,2,0,0,2,0,0,0,16,8,3,2,3,0,0
128,11,4,0,1,2,2,2,12,4,5,1,1,0,1
129,5,0,1,1,0,2,1,7,0,0,0,1,5,1
130,13,3,0,2,1,3,4,16,5,4,3,2,2,0
131,10,0,2,4,0,2,2,6,0,2,1,0,1,2
132,25,6,3,5,3,3,5,5,5,0,0,0,0,0
133,0,0,0,0,0,0,0,0,0,0,0,0,0,0
134,1,0,0,1,0,0,0,13,0,0,3,2,3,5
135,14,0,0,2,3,4,5,4,0,0,0,0,2,2
136,11,0,0,3,3,2,3,17,4,4,2,1,1,5
137,7,4,1,0,2,0,0,11,1,3,4,3,0,0
138,11,5,2,0,3,0,1,15,5,2,2,2,2,2
139,6,0,0,1,2,0,3,18,4,3,4,2,1,4
140,15,3,3,3,4,1,1,3,0,0,1,2,0,0
141,19,2,4,4,2,5,2,7,0,0,5,1,0,1
142,11,0,3,3,4,1,0,15,1,3,3,2,3,3
143,11,6,3,0,2,0,0,18,3,4,2,2,3,4
144,13,2,0,3,1,3,4,10,3,1,2,1,1,2
145,15,1,1,5,3,2,3,11,4,4,1,2,0,0
146,8,3,3,1,1,0,0,12,5,1,1,1,2,2
147,9,1,2,1,1,3,1,19,6,2,3,3,2,3
148,12,4,4,1,3,0,0,13,5,3,2,2,0,1
149,8,0,0,5,3,0,0,0,0,0,0,0,0,0
150,9,2,1,0,2,1,3,13,2,5,1,2,2,1
151,10,5,2,1,2,0,0,12,2,2,3,1,2,2
152,23,4,5,4,4,1,5,8,5,3,0,0,0,0
153,0,0,0,0,0,0,0,23,4,4,6,4,3,2
154,16,4,4,1,3,1,3,12,4,1,5,1,1,0
155,15,4,1,4,2,2,2,17,4,3,3,3,3,1
156,0,0,0,0,0,0,0,0,0,0,0,0,0,0
157,11,7,4,0,0,0,0,0,0,0,0,0,0,0
158,12,1,2,0,2,5,2,18,4,2,5,2,2,3
159,0,0,0,0,0,0,0,0,0,0,0,0,0,0
160,15,3,5,5,1,0,1,8,0,0,2,2,1,3
161,0,0,0,0,0,0,0,0,0,0,0,0,0,0
162,14,7,2,0,2,2,1,8,0,0,4,2,1,1
163,16,3,4,5,4,0,0,20,2,8,3,2,2,3
164,8,1,0,1,3,0,3,17,4,3,3,2,3,2
165,0,0,0,0,0,0,0,0,0,0,0,0,0,0
166,9,3,0,3,2,1,0,20,5,3,5,3,2,2
167,6,3,2,0,1,0,0,5,0,0,0,0,2,3
168,17,0,0,2,2,3,10,2,0,0,1,1,0,0
169,0,0,0,0,0,0,0,0,0,0,0,0,0,0
170,0,0,0,0,0,0,0,0,0,0,0,0,0,0
171,14,4,1,1,2,4,2,13,5,2,2,2,1,1
172,4,4,0,0,0,0,0,23,5,5,2,2,5,4
173,6,1,3,1,1,0,0,20,7,2,2,2,4,3
174,14,3,1,3,3,2,2,13,2,4,5,1,1,0
175,9,4,3,0,2,0,0,19,2,2,3,1,4,7
176,12,2,4,0,2,0,4,18,7,1,2,2,4,2
177,6,4,2,0,0,0,0,5,3,2,0,0,0,0
178,8,1,1,0,1,3,2,6,3,0,1,1,0,1
179,0,0,0,0,0,0,0,11,6,5,0,0,0,0
180,7,1,1,1,3,1,0,6,2,1,0,2,0,1
181,13,4,4,0,0,3,2,3,0,0,0,0,1,2
182,10,5,3,0,2,0,0,18,5,4,3,0,4,2
183,8,0,0,5,3,0,0,17,5,5,2,1,1,3
184,0,0,0,0,0,0,0,0,0,0,0,0,0,0
185,18,8,3,3,2,1,1,10,3,3,0,0,3,1
186,16,3,2,3,1,3,4,14,3,4,3,1,1,2
187,0,0,0,0,0,0,0,0,0,0,0,0,0,0
188,11,3,2,0,0,2,4,14,2,4,1,2,4,1
189,9,2,2,0,2,2,1,14,3,4,3,2,0,2
190,0,0,0,0,0,0,0,0,0,0,0,0,0,0
191,0,0,0,0,0,0,0,0,0,0,0,0,0,0
192,0,0,0,0,0,0,0,25,1,7,2,3,5,7
193,9,4,3,0,2,0,0,26,4,5,2,3,5,7
194,4,2,2,0,0,0,0,14,5,6,2,1,0,0
195,18,6,2,1,2,3,4,16,3,5,4,3,1,0
196,7,0,0,1,3,1,2,14,2,5,2,2,1,2
